-- DEPARTMENTS
INSERT INTO department (id, name, created_at, updated_at, is_deleted) VALUES (1, 'Computer Science', '2025-05-21 15:13:51', '2025-05-21 15:13:51', FALSE);
INSERT INTO department (id, name, created_at, updated_at, is_deleted) VALUES (2, 'Mechanical Engineering', '2025-05-21 15:13:51', '2025-05-21 15:13:51', FALSE);
INSERT INTO department (id, name, created_at, updated_at, is_deleted) VALUES (3, 'Electrical Engineering', '2025-05-21 15:13:51', '2025-05-21 15:13:51', FALSE);
INSERT INTO department (id, name, created_at, updated_at, is_deleted) VALUES (4, 'Civil Engineering', '2025-05-21 15:13:51', '2025-05-21 15:13:51', FALSE);
INSERT INTO department (id, name, created_at, updated_at, is_deleted) VALUES (5, 'Electronics', '2025-05-21 15:13:51', '2025-05-21 15:13:51', FALSE);
INSERT INTO department (id, name, created_at, updated_at, is_deleted) VALUES (6, 'IT', '2025-05-21 15:13:51', '2025-05-21 15:13:51', FALSE);

-- COURSES
INSERT INTO course (code, name, department_id, created_at, updated_at, is_deleted) VALUES (100, 'Software Engineering', 1, '2025-05-21 15:13:51', '2025-05-21 15:13:51', FALSE);
INSERT INTO course (code, name, department_id, created_at, updated_at, is_deleted) VALUES (101, 'Data Structures', 1, '2025-05-21 15:13:51', '2025-05-21 15:13:51', FALSE);
INSERT INTO course (code, name, department_id, created_at, updated_at, is_deleted) VALUES (102, 'OS', 1, '2025-05-21 15:13:51', '2025-05-21 15:13:51', FALSE);
INSERT INTO course (code, name, department_id, created_at, updated_at, is_deleted) VALUES (103, 'Thermodynamics', 2, '2025-05-21 15:13:51', '2025-05-21 15:13:51', FALSE);
INSERT INTO course (code, name, department_id, created_at, updated_at, is_deleted) VALUES (104, 'Heat Transfer', 2, '2025-05-21 15:13:51', '2025-05-21 15:13:51', FALSE);
INSERT INTO course (code, name, department_id, created_at, updated_at, is_deleted) VALUES (105, 'Machine Design', 2, '2025-05-21 15:13:51', '2025-05-21 15:13:51', FALSE);
INSERT INTO course (code, name, department_id, created_at, updated_at, is_deleted) VALUES (106, 'Software Engineering', 3, '2025-05-21 15:13:51', '2025-05-21 15:13:51', FALSE);
INSERT INTO course (code, name, department_id, created_at, updated_at, is_deleted) VALUES (107, 'Data Structures', 3, '2025-05-21 15:13:51', '2025-05-21 15:13:51', FALSE);
INSERT INTO course (code, name, department_id, created_at, updated_at, is_deleted) VALUES (108, 'OS', 3, '2025-05-21 15:13:51', '2025-05-21 15:13:51', FALSE);
INSERT INTO course (code, name, department_id, created_at, updated_at, is_deleted) VALUES (109, 'DBMS', 3, '2025-05-21 15:13:51', '2025-05-21 15:13:51', FALSE);
INSERT INTO course (code, name, department_id, created_at, updated_at, is_deleted) VALUES (110, 'Thermodynamics', 4, '2025-05-21 15:13:51', '2025-05-21 15:13:51', FALSE);
INSERT INTO course (code, name, department_id, created_at, updated_at, is_deleted) VALUES (111, 'Heat Transfer', 4, '2025-05-21 15:13:51', '2025-05-21 15:13:51', FALSE);
INSERT INTO course (code, name, department_id, created_at, updated_at, is_deleted) VALUES (112, 'Machine Design', 4, '2025-05-21 15:13:51', '2025-05-21 15:13:51', FALSE);
INSERT INTO course (code, name, department_id, created_at, updated_at, is_deleted) VALUES (113, 'Manufacturing', 4, '2025-05-21 15:13:51', '2025-05-21 15:13:51', FALSE);
INSERT INTO course (code, name, department_id, created_at, updated_at, is_deleted) VALUES (114, 'Control Systems', 4, '2025-05-21 15:13:51', '2025-05-21 15:13:51', FALSE);
INSERT INTO course (code, name, department_id, created_at, updated_at, is_deleted) VALUES (115, 'Software Engineering', 5, '2025-05-21 15:13:51', '2025-05-21 15:13:51', FALSE);
INSERT INTO course (code, name, department_id, created_at, updated_at, is_deleted) VALUES (116, 'Data Structures', 5, '2025-05-21 15:13:51', '2025-05-21 15:13:51', FALSE);
INSERT INTO course (code, name, department_id, created_at, updated_at, is_deleted) VALUES (117, 'OS', 5, '2025-05-21 15:13:51', '2025-05-21 15:13:51', FALSE);
INSERT INTO course (code, name, department_id, created_at, updated_at, is_deleted) VALUES (118, 'Thermodynamics', 6, '2025-05-21 15:13:51', '2025-05-21 15:13:51', FALSE);
INSERT INTO course (code, name, department_id, created_at, updated_at, is_deleted) VALUES (119, 'Heat Transfer', 6, '2025-05-21 15:13:51', '2025-05-21 15:13:51', FALSE);
INSERT INTO course (code, name, department_id, created_at, updated_at, is_deleted) VALUES (120, 'Machine Design', 6, '2025-05-21 15:13:51', '2025-05-21 15:13:51', FALSE);

-- USERS
INSERT INTO app_user (id, name, email, password, phone_number, address, created_at, updated_at, is_deleted, role, is_super, department_id) VALUES (1, 'Nyazul Ansari', 'ansarinyazul2003@gmail.com', 'nyaz@inny', '8551055201', 'Bangalore, State', '2025-05-21 15:13:51', '2025-05-21 15:13:51', FALSE, 'ADMIN', TRUE, 1);
INSERT INTO app_user (id, name, email, password, phone_number, address, created_at, updated_at, is_deleted, role, is_super, department_id) VALUES (2, 'Anjali Pagar', 'anjalisp125@gmail.com', 'anjali123', '9000000002', 'Hyderabad, State', '2025-05-21 15:13:51', '2025-05-21 15:13:51', FALSE, 'FOLLOWUP_EMPLOYEE', FALSE, 1);
INSERT INTO app_user (id, name, email, password, phone_number, address, created_at, updated_at, is_deleted, role, is_super, department_id) VALUES (3, 'Devyani Nagare', 'devyaninagare07@gmail.com', 'devyani123', '9000000003', 'Mumbai, State', '2025-05-21 15:13:51', '2025-05-21 15:13:51', FALSE, 'BASIC_EMPLOYEE', FALSE, 1);
INSERT INTO app_user (id, name, email, password, phone_number, address, created_at, updated_at, is_deleted, role, is_super, department_id) VALUES (4, 'Neha Gupta', 'neha.gupta4@example.com', 'pass123', '9000000004', 'Bangalore, State', '2025-05-21 15:13:51', '2025-05-21 15:13:51', FALSE, 'FOLLOWUP_EMPLOYEE', FALSE, 1);
INSERT INTO app_user (id, name, email, password, phone_number, address, created_at, updated_at, is_deleted, role, is_super, department_id) VALUES (5, 'Priya Joshi', 'priya.joshi5@example.com', 'pass123', '9000000005', 'Kolkata, State', '2025-05-21 15:13:51', '2025-05-21 15:13:51', FALSE, 'FOLLOWUP_EMPLOYEE', FALSE, 1);
INSERT INTO app_user (id, name, email, password, phone_number, address, created_at, updated_at, is_deleted, role, is_super, department_id) VALUES (6, 'Rohit Verma', 'rohit.verma6@example.com', 'pass123', '9000000006', 'Kolkata, State', '2025-05-21 15:13:51', '2025-05-21 15:13:51', FALSE, 'FOLLOWUP_EMPLOYEE', FALSE, 2);
INSERT INTO app_user (id, name, email, password, phone_number, address, created_at, updated_at, is_deleted, role, is_super, department_id) VALUES (7, 'Sneha Joshi', 'sneha.joshi7@example.com', 'pass123', '9000000007', 'Bangalore, State', '2025-05-21 15:13:51', '2025-05-21 15:13:51', FALSE, 'FOLLOWUP_EMPLOYEE', FALSE, 2);
INSERT INTO app_user (id, name, email, password, phone_number, address, created_at, updated_at, is_deleted, role, is_super, department_id) VALUES (8, 'Vikas Patel', 'vikas.patel8@example.com', 'pass123', '9000000008', 'Delhi, State', '2025-05-21 15:13:51', '2025-05-21 15:13:51', FALSE, 'FOLLOWUP_EMPLOYEE', FALSE, 2);
INSERT INTO app_user (id, name, email, password, phone_number, address, created_at, updated_at, is_deleted, role, is_super, department_id) VALUES (9, 'Sneha Malhotra', 'sneha.malhotra9@example.com', 'pass123', '9000000009', 'Delhi, State', '2025-05-21 15:13:51', '2025-05-21 15:13:51', FALSE, 'FOLLOWUP_EMPLOYEE', FALSE, 3);
INSERT INTO app_user (id, name, email, password, phone_number, address, created_at, updated_at, is_deleted, role, is_super, department_id) VALUES (10, 'Anil Sharma', 'anil.sharma10@example.com', 'pass123', '9000000010', 'Bangalore, State', '2025-05-21 15:13:51', '2025-05-21 15:13:51', FALSE, 'FOLLOWUP_EMPLOYEE', FALSE, 3);
INSERT INTO app_user (id, name, email, password, phone_number, address, created_at, updated_at, is_deleted, role, is_super, department_id) VALUES (11, 'Amit Sharma', 'amit.sharma11@example.com', 'pass123', '9000000011', 'Ahmedabad, State', '2025-05-21 15:13:51', '2025-05-21 15:13:51', FALSE, 'FOLLOWUP_EMPLOYEE', FALSE, 3);
INSERT INTO app_user (id, name, email, password, phone_number, address, created_at, updated_at, is_deleted, role, is_super, department_id) VALUES (12, 'Rohit Sharma', 'rohit.sharma12@example.com', 'pass123', '9000000012', 'Bangalore, State', '2025-05-21 15:13:51', '2025-05-21 15:13:51', FALSE, 'FOLLOWUP_EMPLOYEE', FALSE, 3);
INSERT INTO app_user (id, name, email, password, phone_number, address, created_at, updated_at, is_deleted, role, is_super, department_id) VALUES (13, 'Neha Malhotra', 'neha.malhotra13@example.com', 'pass123', '9000000013', 'Delhi, State', '2025-05-21 15:13:51', '2025-05-21 15:13:51', FALSE, 'FOLLOWUP_EMPLOYEE', FALSE, 3);
INSERT INTO app_user (id, name, email, password, phone_number, address, created_at, updated_at, is_deleted, role, is_super, department_id) VALUES (14, 'Priya Singh', 'priya.singh14@example.com', 'pass123', '9000000014', 'Ahmedabad, State', '2025-05-21 15:13:51', '2025-05-21 15:13:51', FALSE, 'FOLLOWUP_EMPLOYEE', FALSE, 4);
INSERT INTO app_user (id, name, email, password, phone_number, address, created_at, updated_at, is_deleted, role, is_super, department_id) VALUES (15, 'Rajesh Kapoor', 'rajesh.kapoor15@example.com', 'pass123', '9000000015', 'Chennai, State', '2025-05-21 15:13:51', '2025-05-21 15:13:51', FALSE, 'FOLLOWUP_EMPLOYEE', FALSE, 4);
INSERT INTO app_user (id, name, email, password, phone_number, address, created_at, updated_at, is_deleted, role, is_super, department_id) VALUES (16, 'Pooja Gupta', 'pooja.gupta16@example.com', 'pass123', '9000000016', 'Delhi, State', '2025-05-21 15:13:51', '2025-05-21 15:13:51', FALSE, 'FOLLOWUP_EMPLOYEE', FALSE, 4);
INSERT INTO app_user (id, name, email, password, phone_number, address, created_at, updated_at, is_deleted, role, is_super, department_id) VALUES (17, 'Rajesh Singh', 'rajesh.singh17@example.com', 'pass123', '9000000017', 'Delhi, State', '2025-05-21 15:13:51', '2025-05-21 15:13:51', FALSE, 'FOLLOWUP_EMPLOYEE', FALSE, 4);
INSERT INTO app_user (id, name, email, password, phone_number, address, created_at, updated_at, is_deleted, role, is_super, department_id) VALUES (18, 'Neha Patel', 'neha.patel18@example.com', 'pass123', '9000000018', 'Bangalore, State', '2025-05-21 15:13:51', '2025-05-21 15:13:51', FALSE, 'FOLLOWUP_EMPLOYEE', FALSE, 4);
INSERT INTO app_user (id, name, email, password, phone_number, address, created_at, updated_at, is_deleted, role, is_super, department_id) VALUES (19, 'Rajesh Patel', 'rajesh.patel19@example.com', 'pass123', '9000000019', 'Mumbai, State', '2025-05-21 15:13:51', '2025-05-21 15:13:51', FALSE, 'FOLLOWUP_EMPLOYEE', FALSE, 5);
INSERT INTO app_user (id, name, email, password, phone_number, address, created_at, updated_at, is_deleted, role, is_super, department_id) VALUES (20, 'Pooja Gupta', 'pooja.gupta20@example.com', 'pass123', '9000000020', 'Pune, State', '2025-05-21 15:13:51', '2025-05-21 15:13:51', FALSE, 'FOLLOWUP_EMPLOYEE', FALSE, 5);
INSERT INTO app_user (id, name, email, password, phone_number, address, created_at, updated_at, is_deleted, role, is_super, department_id) VALUES (21, 'Amit Sharma', 'amit.sharma21@example.com', 'pass123', '9000000021', 'Mumbai, State', '2025-05-21 15:13:51', '2025-05-21 15:13:51', FALSE, 'FOLLOWUP_EMPLOYEE', FALSE, 5);
INSERT INTO app_user (id, name, email, password, phone_number, address, created_at, updated_at, is_deleted, role, is_super, department_id) VALUES (22, 'Sneha Malhotra', 'sneha.malhotra22@example.com', 'pass123', '9000000022', 'Delhi, State', '2025-05-21 15:13:51', '2025-05-21 15:13:51', FALSE, 'FOLLOWUP_EMPLOYEE', FALSE, 6);
INSERT INTO app_user (id, name, email, password, phone_number, address, created_at, updated_at, is_deleted, role, is_super, department_id) VALUES (23, 'Sanjay Patel', 'sanjay.patel23@example.com', 'pass123', '9000000023', 'Mumbai, State', '2025-05-21 15:13:51', '2025-05-21 15:13:51', FALSE, 'FOLLOWUP_EMPLOYEE', FALSE, 6);
INSERT INTO app_user (id, name, email, password, phone_number, address, created_at, updated_at, is_deleted, role, is_super, department_id) VALUES (24, 'Amit Gupta', 'amit.gupta24@example.com', 'pass123', '9000000024', 'Pune, State', '2025-05-21 15:13:51', '2025-05-21 15:13:51', FALSE, 'FOLLOWUP_EMPLOYEE', FALSE, 6);
INSERT INTO app_user (id, name, email, password, phone_number, address, created_at, updated_at, is_deleted, role, is_super, department_id) VALUES (25, 'Sneha Kapoor', 'sneha.kapoor25@example.com', 'pass123', '9000000025', 'Mumbai, State', '2025-05-21 15:13:51', '2025-05-21 15:13:51', FALSE, 'FOLLOWUP_EMPLOYEE', FALSE, 6);
INSERT INTO app_user (id, name, email, password, phone_number, address, created_at, updated_at, is_deleted, role, is_super, department_id) VALUES (26, 'Vikas Malhotra', 'vikas.malhotra26@example.com', 'pass123', '9000000026', 'Bangalore, State', '2025-05-21 15:13:51', '2025-05-21 15:13:51', FALSE, 'FOLLOWUP_EMPLOYEE', FALSE, 6);

-- LEADS
INSERT INTO lead (id, name, email, phone_number, address, created_at, updated_at, is_deleted) VALUES (1, 'Rajesh Singh', 'rajesh.singh1@leadmail.com', '98765430001', 'Kolkata, State', '2025-05-21 15:13:51', '2025-05-21 15:13:51', FALSE);
INSERT INTO lead (id, name, email, phone_number, address, created_at, updated_at, is_deleted) VALUES (2, 'Sneha Sharma', 'sneha.sharma2@leadmail.com', '98765430002', 'Bangalore, State', '2025-05-21 15:13:51', '2025-05-21 15:13:51', FALSE);
INSERT INTO lead (id, name, email, phone_number, address, created_at, updated_at, is_deleted) VALUES (3, 'Neha Malhotra', 'neha.malhotra3@leadmail.com', '98765430003', 'Kolkata, State', '2025-05-21 15:13:51', '2025-05-21 15:13:51', FALSE);
INSERT INTO lead (id, name, email, phone_number, address, created_at, updated_at, is_deleted) VALUES (4, 'Amit Singh', 'amit.singh4@leadmail.com', '98765430004', 'Hyderabad, State', '2025-05-21 15:13:51', '2025-05-21 15:13:51', FALSE);
INSERT INTO lead (id, name, email, phone_number, address, created_at, updated_at, is_deleted) VALUES (5, 'Sneha Mehta', 'sneha.mehta5@leadmail.com', '98765430005', 'Pune, State', '2025-05-21 15:13:51', '2025-05-21 15:13:51', FALSE);
INSERT INTO lead (id, name, email, phone_number, address, created_at, updated_at, is_deleted) VALUES (6, 'Vikas Verma', 'vikas.verma6@leadmail.com', '98765430006', 'Kolkata, State', '2025-05-21 15:13:51', '2025-05-21 15:13:51', FALSE);
INSERT INTO lead (id, name, email, phone_number, address, created_at, updated_at, is_deleted) VALUES (7, 'Priya Kapoor', 'priya.kapoor7@leadmail.com', '98765430007', 'Hyderabad, State', '2025-05-21 15:13:51', '2025-05-21 15:13:51', FALSE);
INSERT INTO lead (id, name, email, phone_number, address, created_at, updated_at, is_deleted) VALUES (8, 'Pooja Sharma', 'pooja.sharma8@leadmail.com', '98765430008', 'Kolkata, State', '2025-05-21 15:13:51', '2025-05-21 15:13:51', FALSE);
INSERT INTO lead (id, name, email, phone_number, address, created_at, updated_at, is_deleted) VALUES (9, 'Vikas Singh', 'vikas.singh9@leadmail.com', '98765430009', 'Ahmedabad, State', '2025-05-21 15:13:51', '2025-05-21 15:13:51', FALSE);
INSERT INTO lead (id, name, email, phone_number, address, created_at, updated_at, is_deleted) VALUES (10, 'Rohit Joshi', 'rohit.joshi10@leadmail.com', '98765430010', 'Delhi, State', '2025-05-21 15:13:51', '2025-05-21 15:13:51', FALSE);
INSERT INTO lead (id, name, email, phone_number, address, created_at, updated_at, is_deleted) VALUES (11, 'Anil Mehta', 'anil.mehta11@leadmail.com', '98765430011', 'Mumbai, State', '2025-05-21 15:13:51', '2025-05-21 15:13:51', FALSE);
INSERT INTO lead (id, name, email, phone_number, address, created_at, updated_at, is_deleted) VALUES (12, 'Rajesh Verma', 'rajesh.verma12@leadmail.com', '98765430012', 'Mumbai, State', '2025-05-21 15:13:51', '2025-05-21 15:13:51', FALSE);
INSERT INTO lead (id, name, email, phone_number, address, created_at, updated_at, is_deleted) VALUES (13, 'Sneha Sharma', 'sneha.sharma13@leadmail.com', '98765430013', 'Chennai, State', '2025-05-21 15:13:51', '2025-05-21 15:13:51', FALSE);
INSERT INTO lead (id, name, email, phone_number, address, created_at, updated_at, is_deleted) VALUES (14, 'Pooja Kumar', 'pooja.kumar14@leadmail.com', '98765430014', 'Hyderabad, State', '2025-05-21 15:13:51', '2025-05-21 15:13:51', FALSE);
INSERT INTO lead (id, name, email, phone_number, address, created_at, updated_at, is_deleted) VALUES (15, 'Rajesh Patel', 'rajesh.patel15@leadmail.com', '98765430015', 'Chennai, State', '2025-05-21 15:13:51', '2025-05-21 15:13:51', FALSE);
INSERT INTO lead (id, name, email, phone_number, address, created_at, updated_at, is_deleted) VALUES (16, 'Sneha Kumar', 'sneha.kumar16@leadmail.com', '98765430016', 'Bangalore, State', '2025-05-21 15:13:51', '2025-05-21 15:13:51', FALSE);
INSERT INTO lead (id, name, email, phone_number, address, created_at, updated_at, is_deleted) VALUES (17, 'Vikas Joshi', 'vikas.joshi17@leadmail.com', '98765430017', 'Mumbai, State', '2025-05-21 15:13:51', '2025-05-21 15:13:51', FALSE);
INSERT INTO lead (id, name, email, phone_number, address, created_at, updated_at, is_deleted) VALUES (18, 'Neha Gupta', 'neha.gupta18@leadmail.com', '98765430018', 'Hyderabad, State', '2025-05-21 15:13:51', '2025-05-21 15:13:51', FALSE);
INSERT INTO lead (id, name, email, phone_number, address, created_at, updated_at, is_deleted) VALUES (19, 'Pooja Kapoor', 'pooja.kapoor19@leadmail.com', '98765430019', 'Mumbai, State', '2025-05-21 15:13:51', '2025-05-21 15:13:51', FALSE);
INSERT INTO lead (id, name, email, phone_number, address, created_at, updated_at, is_deleted) VALUES (20, 'Pooja Joshi', 'pooja.joshi20@leadmail.com', '98765430020', 'Hyderabad, State', '2025-05-21 15:13:51', '2025-05-21 15:13:51', FALSE);

-- FOLLOWUPS AND NODES
INSERT INTO followup (id, lead_id, description, status, due_date, created_at, updated_at, is_deleted, course_id, employee_id) VALUES (1, 5, 'Followup for user 1', 'PENDING', '2025-05-31 15:13:51', '2025-05-21 15:13:51', '2025-05-21 15:13:51', FALSE, 115, 1);
INSERT INTO followup_node (id, title, body, date, done_by, created_at, is_deleted, followup_id) VALUES (1, 'Node 1', 'Details of node 1 for followup 1', '2025-05-21 15:13:51', 1, '2025-05-21 15:13:51', FALSE, 1);
INSERT INTO followup_node (id, title, body, date, done_by, created_at, is_deleted, followup_id) VALUES (2, 'Node 2', 'Details of node 2 for followup 1', '2025-05-21 15:13:51', 1, '2025-05-21 15:13:51', FALSE, 1);
INSERT INTO followup_node (id, title, body, date, done_by, created_at, is_deleted, followup_id) VALUES (3, 'Node 3', 'Details of node 3 for followup 1', '2025-05-21 15:13:51', 1, '2025-05-21 15:13:51', FALSE, 1);
INSERT INTO followup_node (id, title, body, date, done_by, created_at, is_deleted, followup_id) VALUES (4, 'Node 4', 'Details of node 4 for followup 1', '2025-05-21 15:13:51', 1, '2025-05-21 15:13:51', FALSE, 1);
INSERT INTO followup (id, lead_id, description, status, due_date, created_at, updated_at, is_deleted, course_id, employee_id) VALUES (2, 2, 'Followup for user 2', 'CANCELLED', '2025-05-25 15:13:51', '2025-05-21 15:13:51', '2025-05-21 15:13:51', FALSE, 112, 2);
INSERT INTO followup_node (id, title, body, date, done_by, created_at, is_deleted, followup_id) VALUES (5, 'Node 1', 'Details of node 1 for followup 2', '2025-05-21 15:13:51', 2, '2025-05-21 15:13:51', FALSE, 2);
INSERT INTO followup_node (id, title, body, date, done_by, created_at, is_deleted, followup_id) VALUES (6, 'Node 2', 'Details of node 2 for followup 2', '2025-05-21 15:13:51', 2, '2025-05-21 15:13:51', FALSE, 2);
INSERT INTO followup_node (id, title, body, date, done_by, created_at, is_deleted, followup_id) VALUES (7, 'Node 3', 'Details of node 3 for followup 2', '2025-05-21 15:13:51', 2, '2025-05-21 15:13:51', FALSE, 2);
INSERT INTO followup (id, lead_id, description, status, due_date, created_at, updated_at, is_deleted, course_id, employee_id) VALUES (3, 12, 'Followup for user 2', 'COMPLETED', '2025-05-24 15:13:51', '2025-05-21 15:13:51', '2025-05-21 15:13:51', FALSE, 110, 2);
INSERT INTO followup_node (id, title, body, date, done_by, created_at, is_deleted, followup_id) VALUES (8, 'Node 1', 'Details of node 1 for followup 3', '2025-05-21 15:13:51', 2, '2025-05-21 15:13:51', FALSE, 3);
INSERT INTO followup_node (id, title, body, date, done_by, created_at, is_deleted, followup_id) VALUES (9, 'Node 2', 'Details of node 2 for followup 3', '2025-05-21 15:13:51', 2, '2025-05-21 15:13:51', FALSE, 3);
INSERT INTO followup_node (id, title, body, date, done_by, created_at, is_deleted, followup_id) VALUES (10, 'Node 3', 'Details of node 3 for followup 3', '2025-05-21 15:13:51', 2, '2025-05-21 15:13:51', FALSE, 3);
INSERT INTO followup (id, lead_id, description, status, due_date, created_at, updated_at, is_deleted, course_id, employee_id) VALUES (4, 3, 'Followup for user 3', 'IN_PROGRESS', '2025-05-31 15:13:51', '2025-05-21 15:13:51', '2025-05-21 15:13:51', FALSE, 107, 3);
INSERT INTO followup_node (id, title, body, date, done_by, created_at, is_deleted, followup_id) VALUES (11, 'Node 1', 'Details of node 1 for followup 4', '2025-05-21 15:13:51', 3, '2025-05-21 15:13:51', FALSE, 4);
INSERT INTO followup_node (id, title, body, date, done_by, created_at, is_deleted, followup_id) VALUES (12, 'Node 2', 'Details of node 2 for followup 4', '2025-05-21 15:13:51', 3, '2025-05-21 15:13:51', FALSE, 4);
INSERT INTO followup_node (id, title, body, date, done_by, created_at, is_deleted, followup_id) VALUES (13, 'Node 3', 'Details of node 3 for followup 4', '2025-05-21 15:13:51', 3, '2025-05-21 15:13:51', FALSE, 4);
INSERT INTO followup (id, lead_id, description, status, due_date, created_at, updated_at, is_deleted, course_id, employee_id) VALUES (5, 11, 'Followup for user 3', 'IN_PROGRESS', '2025-05-31 15:13:51', '2025-05-21 15:13:51', '2025-05-21 15:13:51', FALSE, 108, 3);
INSERT INTO followup_node (id, title, body, date, done_by, created_at, is_deleted, followup_id) VALUES (14, 'Node 1', 'Details of node 1 for followup 5', '2025-05-21 15:13:51', 3, '2025-05-21 15:13:51', FALSE, 5);
INSERT INTO followup_node (id, title, body, date, done_by, created_at, is_deleted, followup_id) VALUES (15, 'Node 2', 'Details of node 2 for followup 5', '2025-05-21 15:13:51', 3, '2025-05-21 15:13:51', FALSE, 5);
INSERT INTO followup_node (id, title, body, date, done_by, created_at, is_deleted, followup_id) VALUES (16, 'Node 3', 'Details of node 3 for followup 5', '2025-05-21 15:13:51', 3, '2025-05-21 15:13:51', FALSE, 5);
INSERT INTO followup_node (id, title, body, date, done_by, created_at, is_deleted, followup_id) VALUES (17, 'Node 4', 'Details of node 4 for followup 5', '2025-05-21 15:13:51', 3, '2025-05-21 15:13:51', FALSE, 5);
INSERT INTO followup (id, lead_id, description, status, due_date, created_at, updated_at, is_deleted, course_id, employee_id) VALUES (6, 17, 'Followup for user 4', 'CANCELLED', '2025-05-27 15:13:51', '2025-05-21 15:13:51', '2025-05-21 15:13:51', FALSE, 107, 4);
INSERT INTO followup_node (id, title, body, date, done_by, created_at, is_deleted, followup_id) VALUES (18, 'Node 1', 'Details of node 1 for followup 6', '2025-05-21 15:13:51', 4, '2025-05-21 15:13:51', FALSE, 6);
INSERT INTO followup_node (id, title, body, date, done_by, created_at, is_deleted, followup_id) VALUES (19, 'Node 2', 'Details of node 2 for followup 6', '2025-05-21 15:13:51', 4, '2025-05-21 15:13:51', FALSE, 6);
INSERT INTO followup_node (id, title, body, date, done_by, created_at, is_deleted, followup_id) VALUES (20, 'Node 3', 'Details of node 3 for followup 6', '2025-05-21 15:13:51', 4, '2025-05-21 15:13:51', FALSE, 6);
INSERT INTO followup_node (id, title, body, date, done_by, created_at, is_deleted, followup_id) VALUES (21, 'Node 4', 'Details of node 4 for followup 6', '2025-05-21 15:13:51', 4, '2025-05-21 15:13:51', FALSE, 6);
INSERT INTO followup_node (id, title, body, date, done_by, created_at, is_deleted, followup_id) VALUES (22, 'Node 5', 'Details of node 5 for followup 6', '2025-05-21 15:13:51', 4, '2025-05-21 15:13:51', FALSE, 6);
INSERT INTO followup (id, lead_id, description, status, due_date, created_at, updated_at, is_deleted, course_id, employee_id) VALUES (7, 8, 'Followup for user 5', 'COMPLETED', '2025-05-24 15:13:51', '2025-05-21 15:13:51', '2025-05-21 15:13:51', FALSE, 113, 5);
INSERT INTO followup_node (id, title, body, date, done_by, created_at, is_deleted, followup_id) VALUES (23, 'Node 1', 'Details of node 1 for followup 7', '2025-05-21 15:13:51', 5, '2025-05-21 15:13:51', FALSE, 7);
INSERT INTO followup_node (id, title, body, date, done_by, created_at, is_deleted, followup_id) VALUES (24, 'Node 2', 'Details of node 2 for followup 7', '2025-05-21 15:13:51', 5, '2025-05-21 15:13:51', FALSE, 7);
INSERT INTO followup_node (id, title, body, date, done_by, created_at, is_deleted, followup_id) VALUES (25, 'Node 3', 'Details of node 3 for followup 7', '2025-05-21 15:13:51', 5, '2025-05-21 15:13:51', FALSE, 7);
INSERT INTO followup_node (id, title, body, date, done_by, created_at, is_deleted, followup_id) VALUES (26, 'Node 4', 'Details of node 4 for followup 7', '2025-05-21 15:13:51', 5, '2025-05-21 15:13:51', FALSE, 7);
INSERT INTO followup_node (id, title, body, date, done_by, created_at, is_deleted, followup_id) VALUES (27, 'Node 5', 'Details of node 5 for followup 7', '2025-05-21 15:13:51', 5, '2025-05-21 15:13:51', FALSE, 7);
INSERT INTO followup (id, lead_id, description, status, due_date, created_at, updated_at, is_deleted, course_id, employee_id) VALUES (8, 13, 'Followup for user 5', 'PENDING', '2025-05-30 15:13:51', '2025-05-21 15:13:51', '2025-05-21 15:13:51', FALSE, 101, 5);
INSERT INTO followup_node (id, title, body, date, done_by, created_at, is_deleted, followup_id) VALUES (28, 'Node 1', 'Details of node 1 for followup 8', '2025-05-21 15:13:51', 5, '2025-05-21 15:13:51', FALSE, 8);
INSERT INTO followup_node (id, title, body, date, done_by, created_at, is_deleted, followup_id) VALUES (29, 'Node 2', 'Details of node 2 for followup 8', '2025-05-21 15:13:51', 5, '2025-05-21 15:13:51', FALSE, 8);
INSERT INTO followup_node (id, title, body, date, done_by, created_at, is_deleted, followup_id) VALUES (30, 'Node 3', 'Details of node 3 for followup 8', '2025-05-21 15:13:51', 5, '2025-05-21 15:13:51', FALSE, 8);
INSERT INTO followup_node (id, title, body, date, done_by, created_at, is_deleted, followup_id) VALUES (31, 'Node 4', 'Details of node 4 for followup 8', '2025-05-21 15:13:51', 5, '2025-05-21 15:13:51', FALSE, 8);
INSERT INTO followup (id, lead_id, description, status, due_date, created_at, updated_at, is_deleted, course_id, employee_id) VALUES (9, 15, 'Followup for user 6', 'IN_PROGRESS', '2025-05-26 15:13:51', '2025-05-21 15:13:51', '2025-05-21 15:13:51', FALSE, 100, 6);
INSERT INTO followup_node (id, title, body, date, done_by, created_at, is_deleted, followup_id) VALUES (32, 'Node 1', 'Details of node 1 for followup 9', '2025-05-21 15:13:51', 6, '2025-05-21 15:13:51', FALSE, 9);
INSERT INTO followup_node (id, title, body, date, done_by, created_at, is_deleted, followup_id) VALUES (33, 'Node 2', 'Details of node 2 for followup 9', '2025-05-21 15:13:51', 6, '2025-05-21 15:13:51', FALSE, 9);
INSERT INTO followup_node (id, title, body, date, done_by, created_at, is_deleted, followup_id) VALUES (34, 'Node 3', 'Details of node 3 for followup 9', '2025-05-21 15:13:51', 6, '2025-05-21 15:13:51', FALSE, 9);
INSERT INTO followup_node (id, title, body, date, done_by, created_at, is_deleted, followup_id) VALUES (35, 'Node 4', 'Details of node 4 for followup 9', '2025-05-21 15:13:51', 6, '2025-05-21 15:13:51', FALSE, 9);
INSERT INTO followup_node (id, title, body, date, done_by, created_at, is_deleted, followup_id) VALUES (36, 'Node 5', 'Details of node 5 for followup 9', '2025-05-21 15:13:51', 6, '2025-05-21 15:13:51', FALSE, 9);
INSERT INTO followup (id, lead_id, description, status, due_date, created_at, updated_at, is_deleted, course_id, employee_id) VALUES (10, 18, 'Followup for user 7', 'IN_PROGRESS', '2025-05-31 15:13:51', '2025-05-21 15:13:51', '2025-05-21 15:13:51', FALSE, 110, 7);
INSERT INTO followup_node (id, title, body, date, done_by, created_at, is_deleted, followup_id) VALUES (37, 'Node 1', 'Details of node 1 for followup 10', '2025-05-21 15:13:51', 7, '2025-05-21 15:13:51', FALSE, 10);
INSERT INTO followup_node (id, title, body, date, done_by, created_at, is_deleted, followup_id) VALUES (38, 'Node 2', 'Details of node 2 for followup 10', '2025-05-21 15:13:51', 7, '2025-05-21 15:13:51', FALSE, 10);
INSERT INTO followup_node (id, title, body, date, done_by, created_at, is_deleted, followup_id) VALUES (39, 'Node 3', 'Details of node 3 for followup 10', '2025-05-21 15:13:51', 7, '2025-05-21 15:13:51', FALSE, 10);
INSERT INTO followup_node (id, title, body, date, done_by, created_at, is_deleted, followup_id) VALUES (40, 'Node 4', 'Details of node 4 for followup 10', '2025-05-21 15:13:51', 7, '2025-05-21 15:13:51', FALSE, 10);
INSERT INTO followup (id, lead_id, description, status, due_date, created_at, updated_at, is_deleted, course_id, employee_id) VALUES (11, 1, 'Followup for user 7', 'CANCELLED', '2025-05-26 15:13:51', '2025-05-21 15:13:51', '2025-05-21 15:13:51', FALSE, 111, 7);
INSERT INTO followup_node (id, title, body, date, done_by, created_at, is_deleted, followup_id) VALUES (41, 'Node 1', 'Details of node 1 for followup 11', '2025-05-21 15:13:51', 7, '2025-05-21 15:13:51', FALSE, 11);
INSERT INTO followup_node (id, title, body, date, done_by, created_at, is_deleted, followup_id) VALUES (42, 'Node 2', 'Details of node 2 for followup 11', '2025-05-21 15:13:51', 7, '2025-05-21 15:13:51', FALSE, 11);
INSERT INTO followup_node (id, title, body, date, done_by, created_at, is_deleted, followup_id) VALUES (43, 'Node 3', 'Details of node 3 for followup 11', '2025-05-21 15:13:51', 7, '2025-05-21 15:13:51', FALSE, 11);
INSERT INTO followup (id, lead_id, description, status, due_date, created_at, updated_at, is_deleted, course_id, employee_id) VALUES (12, 6, 'Followup for user 8', 'IN_PROGRESS', '2025-05-27 15:13:51', '2025-05-21 15:13:51', '2025-05-21 15:13:51', FALSE, 108, 8);
INSERT INTO followup_node (id, title, body, date, done_by, created_at, is_deleted, followup_id) VALUES (44, 'Node 1', 'Details of node 1 for followup 12', '2025-05-21 15:13:51', 8, '2025-05-21 15:13:51', FALSE, 12);
INSERT INTO followup_node (id, title, body, date, done_by, created_at, is_deleted, followup_id) VALUES (45, 'Node 2', 'Details of node 2 for followup 12', '2025-05-21 15:13:51', 8, '2025-05-21 15:13:51', FALSE, 12);
INSERT INTO followup_node (id, title, body, date, done_by, created_at, is_deleted, followup_id) VALUES (46, 'Node 3', 'Details of node 3 for followup 12', '2025-05-21 15:13:51', 8, '2025-05-21 15:13:51', FALSE, 12);
INSERT INTO followup_node (id, title, body, date, done_by, created_at, is_deleted, followup_id) VALUES (47, 'Node 4', 'Details of node 4 for followup 12', '2025-05-21 15:13:51', 8, '2025-05-21 15:13:51', FALSE, 12);
INSERT INTO followup_node (id, title, body, date, done_by, created_at, is_deleted, followup_id) VALUES (48, 'Node 5', 'Details of node 5 for followup 12', '2025-05-21 15:13:51', 8, '2025-05-21 15:13:51', FALSE, 12);
INSERT INTO followup (id, lead_id, description, status, due_date, created_at, updated_at, is_deleted, course_id, employee_id) VALUES (13, 14, 'Followup for user 8', 'PENDING', '2025-05-30 15:13:51', '2025-05-21 15:13:51', '2025-05-21 15:13:51', FALSE, 107, 8);
INSERT INTO followup_node (id, title, body, date, done_by, created_at, is_deleted, followup_id) VALUES (49, 'Node 1', 'Details of node 1 for followup 13', '2025-05-21 15:13:51', 8, '2025-05-21 15:13:51', FALSE, 13);
INSERT INTO followup_node (id, title, body, date, done_by, created_at, is_deleted, followup_id) VALUES (50, 'Node 2', 'Details of node 2 for followup 13', '2025-05-21 15:13:51', 8, '2025-05-21 15:13:51', FALSE, 13);
INSERT INTO followup_node (id, title, body, date, done_by, created_at, is_deleted, followup_id) VALUES (51, 'Node 3', 'Details of node 3 for followup 13', '2025-05-21 15:13:51', 8, '2025-05-21 15:13:51', FALSE, 13);
INSERT INTO followup (id, lead_id, description, status, due_date, created_at, updated_at, is_deleted, course_id, employee_id) VALUES (14, 16, 'Followup for user 9', 'CANCELLED', '2025-05-27 15:13:51', '2025-05-21 15:13:51', '2025-05-21 15:13:51', FALSE, 100, 9);
INSERT INTO followup_node (id, title, body, date, done_by, created_at, is_deleted, followup_id) VALUES (52, 'Node 1', 'Details of node 1 for followup 14', '2025-05-21 15:13:51', 9, '2025-05-21 15:13:51', FALSE, 14);
INSERT INTO followup_node (id, title, body, date, done_by, created_at, is_deleted, followup_id) VALUES (53, 'Node 2', 'Details of node 2 for followup 14', '2025-05-21 15:13:51', 9, '2025-05-21 15:13:51', FALSE, 14);
INSERT INTO followup_node (id, title, body, date, done_by, created_at, is_deleted, followup_id) VALUES (54, 'Node 3', 'Details of node 3 for followup 14', '2025-05-21 15:13:51', 9, '2025-05-21 15:13:51', FALSE, 14);
INSERT INTO followup_node (id, title, body, date, done_by, created_at, is_deleted, followup_id) VALUES (55, 'Node 4', 'Details of node 4 for followup 14', '2025-05-21 15:13:51', 9, '2025-05-21 15:13:51', FALSE, 14);
INSERT INTO followup (id, lead_id, description, status, due_date, created_at, updated_at, is_deleted, course_id, employee_id) VALUES (15, 19, 'Followup for user 10', 'IN_PROGRESS', '2025-05-29 15:13:51', '2025-05-21 15:13:51', '2025-05-21 15:13:51', FALSE, 112, 10);
INSERT INTO followup_node (id, title, body, date, done_by, created_at, is_deleted, followup_id) VALUES (56, 'Node 1', 'Details of node 1 for followup 15', '2025-05-21 15:13:51', 10, '2025-05-21 15:13:51', FALSE, 15);
INSERT INTO followup_node (id, title, body, date, done_by, created_at, is_deleted, followup_id) VALUES (57, 'Node 2', 'Details of node 2 for followup 15', '2025-05-21 15:13:51', 10, '2025-05-21 15:13:51', FALSE, 15);
INSERT INTO followup_node (id, title, body, date, done_by, created_at, is_deleted, followup_id) VALUES (58, 'Node 3', 'Details of node 3 for followup 15', '2025-05-21 15:13:51', 10, '2025-05-21 15:13:51', FALSE, 15);
INSERT INTO followup_node (id, title, body, date, done_by, created_at, is_deleted, followup_id) VALUES (59, 'Node 4', 'Details of node 4 for followup 15', '2025-05-21 15:13:51', 10, '2025-05-21 15:13:51', FALSE, 15);
INSERT INTO followup (id, lead_id, description, status, due_date, created_at, updated_at, is_deleted, course_id, employee_id) VALUES (16, 20, 'Followup for user 11', 'COMPLETED', '2025-05-30 15:13:51', '2025-05-21 15:13:51', '2025-05-21 15:13:51', FALSE, 102, 11);
INSERT INTO followup_node (id, title, body, date, done_by, created_at, is_deleted, followup_id) VALUES (60, 'Node 1', 'Details of node 1 for followup 16', '2025-05-21 15:13:51', 11, '2025-05-21 15:13:51', FALSE, 16);
INSERT INTO followup_node (id, title, body, date, done_by, created_at, is_deleted, followup_id) VALUES (61, 'Node 2', 'Details of node 2 for followup 16', '2025-05-21 15:13:51', 11, '2025-05-21 15:13:51', FALSE, 16);
INSERT INTO followup_node (id, title, body, date, done_by, created_at, is_deleted, followup_id) VALUES (62, 'Node 3', 'Details of node 3 for followup 16', '2025-05-21 15:13:51', 11, '2025-05-21 15:13:51', FALSE, 16);
INSERT INTO followup_node (id, title, body, date, done_by, created_at, is_deleted, followup_id) VALUES (63, 'Node 4', 'Details of node 4 for followup 16', '2025-05-21 15:13:51', 11, '2025-05-21 15:13:51', FALSE, 16);
INSERT INTO followup_node (id, title, body, date, done_by, created_at, is_deleted, followup_id) VALUES (64, 'Node 5', 'Details of node 5 for followup 16', '2025-05-21 15:13:51', 11, '2025-05-21 15:13:51', FALSE, 16);
INSERT INTO followup (id, lead_id, description, status, due_date, created_at, updated_at, is_deleted, course_id, employee_id) VALUES (17, 7, 'Followup for user 12', 'IN_PROGRESS', '2025-05-26 15:13:51', '2025-05-21 15:13:51', '2025-05-21 15:13:51', FALSE, 100, 12);
INSERT INTO followup_node (id, title, body, date, done_by, created_at, is_deleted, followup_id) VALUES (65, 'Node 1', 'Details of node 1 for followup 17', '2025-05-21 15:13:51', 12, '2025-05-21 15:13:51', FALSE, 17);
INSERT INTO followup_node (id, title, body, date, done_by, created_at, is_deleted, followup_id) VALUES (66, 'Node 2', 'Details of node 2 for followup 17', '2025-05-21 15:13:51', 12, '2025-05-21 15:13:51', FALSE, 17);
INSERT INTO followup_node (id, title, body, date, done_by, created_at, is_deleted, followup_id) VALUES (67, 'Node 3', 'Details of node 3 for followup 17', '2025-05-21 15:13:51', 12, '2025-05-21 15:13:51', FALSE, 17);
INSERT INTO followup_node (id, title, body, date, done_by, created_at, is_deleted, followup_id) VALUES (68, 'Node 4', 'Details of node 4 for followup 17', '2025-05-21 15:13:51', 12, '2025-05-21 15:13:51', FALSE, 17);
INSERT INTO followup_node (id, title, body, date, done_by, created_at, is_deleted, followup_id) VALUES (69, 'Node 5', 'Details of node 5 for followup 17', '2025-05-21 15:13:51', 12, '2025-05-21 15:13:51', FALSE, 17);
INSERT INTO followup (id, lead_id, description, status, due_date, created_at, updated_at, is_deleted, course_id, employee_id) VALUES (18, 10, 'Followup for user 12', 'COMPLETED', '2025-05-26 15:13:51', '2025-05-21 15:13:51', '2025-05-21 15:13:51', FALSE, 116, 12);
INSERT INTO followup_node (id, title, body, date, done_by, created_at, is_deleted, followup_id) VALUES (70, 'Node 1', 'Details of node 1 for followup 18', '2025-05-21 15:13:51', 12, '2025-05-21 15:13:51', FALSE, 18);
INSERT INTO followup_node (id, title, body, date, done_by, created_at, is_deleted, followup_id) VALUES (71, 'Node 2', 'Details of node 2 for followup 18', '2025-05-21 15:13:51', 12, '2025-05-21 15:13:51', FALSE, 18);
INSERT INTO followup_node (id, title, body, date, done_by, created_at, is_deleted, followup_id) VALUES (72, 'Node 3', 'Details of node 3 for followup 18', '2025-05-21 15:13:51', 12, '2025-05-21 15:13:51', FALSE, 18);
INSERT INTO followup (id, lead_id, description, status, due_date, created_at, updated_at, is_deleted, course_id, employee_id) VALUES (19, 9, 'Followup for user 13', 'IN_PROGRESS', '2025-05-27 15:13:51', '2025-05-21 15:13:51', '2025-05-21 15:13:51', FALSE, 119, 13);
INSERT INTO followup_node (id, title, body, date, done_by, created_at, is_deleted, followup_id) VALUES (73, 'Node 1', 'Details of node 1 for followup 19', '2025-05-21 15:13:51', 13, '2025-05-21 15:13:51', FALSE, 19);
INSERT INTO followup_node (id, title, body, date, done_by, created_at, is_deleted, followup_id) VALUES (74, 'Node 2', 'Details of node 2 for followup 19', '2025-05-21 15:13:51', 13, '2025-05-21 15:13:51', FALSE, 19);
INSERT INTO followup_node (id, title, body, date, done_by, created_at, is_deleted, followup_id) VALUES (75, 'Node 3', 'Details of node 3 for followup 19', '2025-05-21 15:13:51', 13, '2025-05-21 15:13:51', FALSE, 19);
INSERT INTO followup_node (id, title, body, date, done_by, created_at, is_deleted, followup_id) VALUES (76, 'Node 4', 'Details of node 4 for followup 19', '2025-05-21 15:13:51', 13, '2025-05-21 15:13:51', FALSE, 19);
INSERT INTO followup (id, lead_id, description, status, due_date, created_at, updated_at, is_deleted, course_id, employee_id) VALUES (20, 4, 'Followup for user 14', 'COMPLETED', '2025-05-23 15:13:51', '2025-05-21 15:13:51', '2025-05-21 15:13:51', FALSE, 108, 14);
INSERT INTO followup_node (id, title, body, date, done_by, created_at, is_deleted, followup_id) VALUES (77, 'Node 1', 'Details of node 1 for followup 20', '2025-05-21 15:13:51', 14, '2025-05-21 15:13:51', FALSE, 20);
INSERT INTO followup_node (id, title, body, date, done_by, created_at, is_deleted, followup_id) VALUES (78, 'Node 2', 'Details of node 2 for followup 20', '2025-05-21 15:13:51', 14, '2025-05-21 15:13:51', FALSE, 20);
INSERT INTO followup_node (id, title, body, date, done_by, created_at, is_deleted, followup_id) VALUES (79, 'Node 3', 'Details of node 3 for followup 20', '2025-05-21 15:13:51', 14, '2025-05-21 15:13:51', FALSE, 20);
INSERT INTO followup_node (id, title, body, date, done_by, created_at, is_deleted, followup_id) VALUES (80, 'Node 4', 'Details of node 4 for followup 20', '2025-05-21 15:13:51', 14, '2025-05-21 15:13:51', FALSE, 20);

-- DONE.

-- SYNC SEQUENCES
SELECT setval('department_id_seq', (SELECT MAX(id) FROM department));
SELECT setval('app_user_id_seq', (SELECT MAX(id) FROM app_user));
SELECT setval('lead_id_seq', (SELECT MAX(id) FROM lead));
SELECT setval('followup_id_seq', (SELECT MAX(id) FROM followup));
SELECT setval('followup_node_id_seq', (SELECT MAX(id) FROM followup_node));
